session_id,json_file,post_index,post_url,original_caption,extracted_title,extracted_organizer,extracted_date,extracted_location,registration_fee,phone_numbers,contact_persons,parse_status,parse_timestamp,last_edited
304b7acd,scraped-304b7acd-1768127636924.json,1200,https://www.instagram.com/infolomba/p/DL69w8QPQZy/,"274 likes, 68 comments - infolomba on July 10, 2025: [ OPEN REGISTRATION TAX PLANNING COMPETITION 2025 ] HIMAPAJAK FIA UB PROUDLY PRESENTS! Pendaftaran Tax Planning Competition 2025 telah resmi dibuka! Tax Planning Competition 2025 merupakan kompetisi di bidang perpajakan tingkat nasional yang diselenggarakan oleh Himpunan Mahasiswa Perpajakan (HIMAPAJAK), Fakultas Ilmu Administrasi, Universitas Brawijaya. Tax Planning Competition 2025 dapat diikuti oleh seluruh mahasiswa/i aktif dari seluruh perguruan tinggi di Indonesia tingkat Diploma (D-1/D-2/D-3/D-4) sampai Strata Satu (S-1) serta kedinasan di bidang pajak seperti Perpajakan, Administrasi Fiskal, Akuntansi, dan Ekonomi. ğŸ“† Timeline Kegiatan: â€¢ Pendaftaran - Gelombang Spesial: 27 Juni s.d. 8 Juli 2025 - Gelombang I: 10 s.d. 16 Juli 2025 - Gelombang II: 16 Juli s.d. 1 Agustus 2025&nbsp; â€¢ Technical meeting 1: Sabtu, 6 September 2025 â€¢ TPC Day 1: Minggu, 7 September 2025 â€¢ Technical meeting 2: Sabtu, 13 September 2025 â€¢ TPC Day 2: Minggu, 14 September 2025 ğŸ’° Biaya Pendaftaran: â€¢ Gelombang Spesial: Rp150.000,- â€¢ Gelombang 1: Rp180.000,- â€¢ Gelombang 2: Rp200.000,- Informasi mengenai formulir pendaftaran dan booklet Tax Planning Competition 2025 dapat diunduh melalui linktree Tax Series 2025 berikut: ğŸ”— : linktr.ee/TaxSeries2025 Yuk, bentuk tim terbaikmu dan daftar sekarang!&nbsp; ğŸ“ Contact Person: Gracia Vidya Chrismasari Telepon : 085777417335 line.me/ti/p/~graciavid_ Najwa Athaya Salsabila Telepon: 085609826040 line.me/ti/p/~eglesatha ___________________________________ Biro Edukasi Departemen Pengembangan Sumber Daya Anggota Himpunan Mahasiswa Perpajakan 2025 #HIMAPAJAK2025NiskalaCita #KuningHitamAnakPajak #TaxSeries2025 #TaxPlanningCompetition2025.",TAX PLANNING COMPETITION 2025,HIMAPAJAK FIA UB,2025-07-08,Not specified,"Rp 150,000 - Rp 200,000",085777417335;085609826040,"[{name: Vidya Chrismasari, phone: 085777417335}, {name: Athaya Salsabila, phone: 085609826040}]",parsed,2026-01-11T18:15:39.260861Z,claude
304b7acd,scraped-304b7acd-1768127636924.json,1201,https://www.instagram.com/infolomba/p/DL6vMM2PgB4/,"405 likes, 59 comments - infolomba on July 9, 2025: ğŸŒŸ Saatnya Bersuara Lewat Karya! ğŸ¬ ğŸ’¡ Punya ide kreatif tentang aksi berkelanjutan? Yuk ubah jadi video Reels dan menangkan hadiah total jutaan rupiah! ğŸ’¸ğŸ”¥ ğŸ“… Timeline: ğŸ—“ï¸ Pendaftaran: 3â€“25 Juli 2025 ğŸ† Pengumuman Pemenang: 31 Juli 2025 ğŸ Hadiah: ğŸ¥‡ Juara 1: Rp1.250.000 + Voucher Rp250.000 + Sertifikat ğŸ¥ˆ Juara 2: Rp850.000 + Voucher Rp150.000 + Sertifikat ğŸ¥‰ Juara 3: Rp400.000 + Voucher Rp100.000 + Sertifikat ğŸ“² Upload video ke Instagram Reels kamu, tag @lspr.csle & @lsprofficial, serta gunakan hashtag: #SPRS2025KOMPETISIVIDEO #SPRS2025 #LSPRCSLE dan pastikan akun kamu tidak di-private selama lomba! ğŸ›‘ Catatan penting: Video Reels berdurasi maksimal 120 detik Video harus orisinal dan bebas dari unsur AI. Wajib relevan dengan Sustainable Development Goals (SDGs). âœ¨ Acara ini didukung oleh @malmealmol ğŸ“Œ Daftar sekarang lewat link berikut: http://bit.ly/4nBs2kw ğŸ™ï¸ Suara Aksi, Suara SDGs NarahubungğŸ“± Kristian : 082110608308 Debora : 081806427524.",SPRS 2025 KOMPETISI VIDEO,LSPR,2025-07-25,Not specified,"Rp 1,250",082110608308;081806427524,"[{name: Kristian, phone: 082110608308}, {name: Debora, phone: 081806427524}]",parsed,2026-01-11T18:15:39.265854Z,claude
304b7acd,scraped-304b7acd-1768127636924.json,1202,https://www.instagram.com/infolomba/p/DL6lNR_vMiR/,"495 likes, 61 comments - infolomba on July 9, 2025: OSIS SMA PU AL BAYAN PUTRI SUKABUMI proudly present ğŸŒµ ALACAZAM 2025 ğŸŒµ Hi Cazamor ğŸ¦¦ğŸ‘‹ğŸ» Bersiaplah menjelajah hutan penuh keajaiban ğŸ¾ Alacazam 2025 mengajakmu menjelajah jenggala penuh ilmu dan imajinasi, Temukan bakat tersembunyi dan had tantangan âœ¨ Daftar sekarang dan raih kemenanganmu! [BIAYA PENDAFTARAN ğŸ“©] ğŸª¶ Early Bird (30 Juni 2025 - 10 Agustus 2025) â€¢â  TK: GRATIS â€¢â  SD: Rp. 10.000 â€¢â  SMP: Rp. 20.000 â€¢â  SMA: Rp. 30.000 (Basket: Rp. 250.000) ğŸª¶ Regular (11 Agustus 2025 - 15 September 2025) â€¢â  TK: GRATIS â€¢â  SD: Rp. 20.000 â€¢â  SMP: Rp. 40.000 â€¢â  SMA: Rp. 50.000 (Basket: Rp. 300.000) ______ ğ—–ğ—¼ğ—»ğ˜ğ—®ğ—°ğ˜&nbsp;ğ—£ğ—²ğ—¿ğ˜€ğ—¼ğ—»&nbsp;â˜ ğŸ‘¤ Nayla wa.me/6289654542024 ğŸ‘¤ Humas ALACAZAM wa.me/6285117313114 ğ—¢ğ˜‚ğ—¿ ğ—¦ğ—¼ğ—°ğ—¶ğ—®ğ—¹ ğ— ğ—²ğ—±ğ—¶ğ—® ğŸ‹ Instagram : @alacazam.official ğŸ‹ Web : https://linktr.ee/alacazamofficial ğŸ‹ Email : alacazamofficial@gmail.com ğŸ‹ Tiktok : alacazamofficial ğŸ‹ Twitter : aczofc ğŸ‹ Youtube : Alacazam&nbsp;Official.",ALACAZAM 2025,OSIS SMA PU AL BAYAN PUTRI SUKABUMI,2025-06-30,Not specified,Not specified,089654542024;085117313114,"[{name: Admin, phone: 089654542024}, {name: Admin, phone: 085117313114}, {name: Admin, phone: 06289654542024}, {name: Admin, phone: 06285117313114}]",parsed,2026-01-11T18:15:39.266907Z,claude
304b7acd,scraped-304b7acd-1768127636924.json,1203,https://www.instagram.com/infolomba/p/DL6XFOoPKD8/,"434 likes, 56 comments - infolomba on July 9, 2025: ğŸš€BISNIS MUDA WRITING COMPETITIONSâœ¨ Hi, Beemers! Punya kisah inspiratif tentang pertanian atau kehidupan di balik ladang hijau? Kali ini Bisnis Muda melakukan kolaborasi dengan Pupuk Kaltim Saatnya kamu berbagi lewat tulisan dengan tema: Merajut Cerita Kehidupan Melalui Melalui Pertanian Menangkan total hadiah ğŸ’°12 JUTA RUPIAH! Untuk info detailnya Klik bit.ly/WritingComxPupukKaltim #writingchallenge #writingcompetitions #pupukkaltim #bisnismuda.",BISNIS MUDA WRITING COMPETITIONS,Bisnis Muda,2025-07-10,Not specified,Not specified,,[],parsed,2026-01-11T18:15:39.268956Z,claude
304b7acd,scraped-304b7acd-1768127636924.json,1204,https://www.instagram.com/infolomba/p/DL6MJsyvsK8/,"683 likes, 58 comments - infolomba on July 9, 2025: PENDAFTARAN HARMONY EVENT DI BUKA! Yuk ikutan online singing competition @harmony_eventt Syarat dan ketentuan : Usia : kategori A : 5-15 tahun kategori B : 16-35 tahun Lagu : bebas (tidak mengandung unsur sarcactic dan sara) Durasi minimal : 1 menit (boleh lebih dari satu menit) Upload video menyanyi mu ke no wa admin : â€ª0822â€‘1366â€‘6550 Peserta yang sudah daftar akan di masukan ke grup khusus peserta sesuai dengan kategori nya Jika sudah daftar peserta berkesempatan zoom bareng azis top 15 indonesian idol season 12 Jangan sampai ketinggalan yukk daftar sekarang!!ğŸ˜‰.",HARMONY EVENT,Not specified,Not specified,Online,Not specified,,[],parsed,2026-01-11T18:15:39.272960Z,claude
304b7acd,scraped-304b7acd-1768127636924.json,1205,https://www.instagram.com/infolomba/p/DL6Aj0-h8VI/,"361 likes, 45 comments - infolomba on July 9, 2025: ğŸŒŠğŸ«§ Student Food Creativity Competition Himaghita Festival 2025 ğŸ«§ğŸŒŠ ğŸ”âœ¨Kompetisi essay yang dihadirkan oleh Himaghita Festival Universitas Sebelas Maret dengan tujuan sebagai wadah apresiasi bagi mahasiswa dalam menyuarakan pemikiran, gagasan, serta solusi inovatif terkait isu-isu strategis di bidang pangan. ğŸŒ¾â€ ã€Œ Gen - Z Leads The Future Smart Agriculture Local Food Innovation for a Zero - Hunger Indonesia ã€â€ğŸŒ¾ ğŸ” Subtema: â¤· Local Food Diversification as Strategy to Prevent Malnutrition â¤·Food Safety Ö´â¤·Innovation in Post Harvest Processing â¤·Food Security â¤·Innovation in Food - Waste Utilization to Achieve Zero - Hunger âœ¨ğŸ¯ Registration Date & Fee ğŸ¯âœ¨ âœ Gelombang 1 : 22 Juni - 7 Juli 2025 (Rp 50.000) âœ Gelombang 2 : 8 Juli - 18 Juli 2025 (Rp 65.000) ğŸ“ Pengumpulan Karya 22 Juni - 18 Juli 2025 ğŸ“¥ Registration Link https://linktr.ee/SFCC2025 ğŸ“ Contact Person wa.me/6285728056534 (Miranda) wa.me/6287821193153 (Nisa) â•â•â•â•â•â•â•â•â•â•â•â•â•â•â•â•â•â•â•â•â• Stay tuned on our social media-!!.",Student Food Creativity Competition,Himaghita Festival Universitas Sebelas Maret,2025-07-07,Not specified,Not specified,085728056534;087821193153,"[{name: Admin, phone: 085728056534}, {name: Admin, phone: 087821193153}, {name: Admin, phone: 06285728056534}, {name: Admin, phone: 06287821193153}]",parsed,2026-01-11T18:15:39.275876Z,claude
304b7acd,scraped-304b7acd-1768127636924.json,1206,https://www.instagram.com/infolomba/p/DL4357kvaRo/,"329 likes, 47 comments - infolomba on July 9, 2025: [GALAXY 2.0 Ã— HELTRO 2025]ğŸŒ´ Global Student Awards for Health Ã— Health Challenges in Tropical Diseases ğŸš¨ CALLING ALL HEALTH STUDENTS WORLDWIDE! Are you ready to take part in a global mission to combat tropical diseases? Presented by CIMSA Syiah Kuala University, this international event aims to raise awareness on Malaria, Filariasis & Rabies through education and competition! ğŸŒğŸ¦Ÿ ONLINE COMPETITION â€¢ Literature Review ğŸ“š â€¢ SCO-Infographics ğŸ–¼ â€¢ Video Documentary ğŸ¥ ğŸ’¸ FREE REGISTRATION & SUBMISSION! ğŸ† Prizes up to Rp 25.000.000++ (USD 1,525++) ğŸ“œ E-certificates for all participants! ğŸ•‘Timeline: - Registration & Submission: 22 June - 24 July 2025 - Peak Event and Winner Announcement: 2 August 2025 What's happening on D-day?ğŸ«£ Held ONLINE via Zoom Meeting: - Symposium General ğŸ™ - â Panel Talk ğŸ’¬ - â SCO Insights ğŸŒ - â Cultural Sessions ğŸ­ - â Winner Announcement & Rewarding SessionğŸ† ğŸ“¥ Regist yourself and your team through the link below: bit.ly/RegistrationFormGALAXY2XHELTRO2025 ğŸ“¤ Submit your work here: bit.ly/WorkSubmissionGALAXY2XHELTRO ğŸ“„ Check our guideline below: https://bit.ly/GALAXYXHELTRO2025 ğŸ“ Contact Person: Rasyid: +62813-1136-4691 Fahrul: +62859-1065-95097 CIMSA Empowering Medical Students Improving Nation's Health.",GALAXY 2.0 Ã— HELTRO 2025,CIMSA Syiah Kuala University,2025-07-24,Online,FREE,,[],parsed,2026-01-11T18:15:39.278856Z,claude
304b7acd,scraped-304b7acd-1768127636924.json,1207,https://www.instagram.com/infolomba/p/DL4n53qPjSB/,"884 likes, 53 comments - infolomba on July 9, 2025: ğŸ“£ [PEKAN JURNALISTIK 2025 COMPETITION!] ğŸ“£ Halo, Sobat Peagle! ğŸ¦… Pekan Jurnalistik kembali hadir tahun ini dengan deretan lomba jurnalistik berskala nasional yang dilaksanakan secara online dan terbuka untuk umum di seluruh Indonesia!ğŸ”¥ ğŸ” Lombanya apa aja sih? â€¢ FotografiğŸ“¸ â€¢ â InfografisğŸ“Š â€¢ â News AnchorğŸ“º â€¢ â Penulisan ArtikelğŸ“ â€¢ â VideografiğŸ¥ â€¢ â Voice OverğŸ™ï¸ ğŸ“Œ Jangan khawatir soal lokasi, karena seluruh perlombaan dilakukan secara daring (online). Kamu bisa ikut dari mana saja!ğŸ† ğŸ“Save the Date: â€¢ Gelombang 1: 23 Juni â€“ 13 Juli 2025 â€¢ â Gelombang 2: 14 Juli â€“ 11 Agustus 2025 â€¢ â Pengumpulan Karya: 07 Juli â€“ 26 Agustus 2025 ğŸ”—Link Pendaftaran: https://linktr.ee/PekanJurnalistik25 â—ï¸Lomba ini dilaksanakan secara online! Pastikan kamu dan pantau terus @pekanjurnalistik_polnes dan @ukmjurnalistik untuk update terbaru dan info lengkapnya! ğŸ˜‰âœ¨ ğŸ“ Ada yang ingin ditanyakan? Hubungi kami melalui: ğŸ“© Email: jurnalistikpekan.polnes@gmail.com ğŸ“© Instagram: @pekanjurnalistik_polnes ğŸ“© Instagram: @ukmjurnalistik â—Let's create, compete, and celebrate journalism together! SALAM JURNALISTIKâœŠğŸ»ğŸ”¥ #PekanJurnalistik2025 #INKsideTheTruth #AJourneyThroughStories #UKMJurnalistikPOLNES.",PEKAN JURNALISTIK 2025,UKMJurnalistik POLNES,2025-07-13,Online,Not specified,,[],parsed,2026-01-11T18:15:39.280963Z,claude
304b7acd,scraped-304b7acd-1768127636924.json,1208,https://www.instagram.com/infolomba/p/DL4aOQVPur6/,"629 likes, 46 comments - infolomba on July 9, 2025: ğŸ“¢ [OPEN REGISTRATION â€” DOKTER DATA 2025] ğŸ“¢ âœ¨ This is your moment! âœ¨ Saatnya tunjukkan ide cemerlang dan kreativitas terbaikmu di Dokter Data 2025! ğŸš€ğŸ™ HIMASTA UNDIP mempersembahkan 4 kompetisi seru yang siap mengasah kemampuan dan membawamu ke level berikutnya: ğŸ¨ (DIC) Dokter Data Infographic Competition âœ (DEC) Dokter Data Essay Competition ğŸ“ˆ (DAO) Dokter Data Analytics Olympiad ğŸ¯ (DHSO) Dokter Data High School Statistics Olympiad ğŸ“… Jadwal Pendaftaran: ğŸ”¸ Gelombang 1: 21 Juni â€“ 6 Juli 2025 ğŸ”¸ Gelombang 2: 7 Juli â€“ 26 Juli 2025 ğŸ’¸ Biaya Pendaftaran: â–ª DIC: Rp60.000 (Gel. 1) | Rp70.000 (Gel. 2) â–ª DEC: Rp50.000 (Gel. 1) | Rp60.000 (Gel. 2) â–ª DAO: Rp70.000 (Gel. 1) | Rp80.000 (Gel. 2) â–ª DHSO: Rp70.000 (Gel. 1) | Rp80.000 (Gel. 2) ğŸ Benefit yang menantimu: ğŸ† Uang pembinaan untuk para pemenang ğŸ“œ E-sertifikat untuk seluruh peserta ğŸ¥‡ Medali & plakat eksklusif Kalau bukan sekarang, kapan lagi? Jadilah bagian dari generasi yang menghidupkan data lewat ide, angka, dan kreativitas! Register now via: ğŸ‘‰ https://dokterdata2025.carrd.co/ information: ğŸ“ Aisha â†’ +6281392338211 ğŸ“± Instagram â†’ @dokter_data ğŸ“± TikTok â†’ @dokterdata #DokterData2025 #HimastaSamudraAsa #SemangatBersamaRaihAsa #InfoLomba #Kompetisi #Olimpiade #Lomba #LombaMahasiswa #LombaSMA #Infographic #Competition #Olympiad #Essay #Statistika #Statistics.",DOKTER DATA 2025,HIMASTA UNDIP,2025-07-06,Not specified,Not specified,081392338211,"[{name: Admin, phone: 0281392338211}]",parsed,2026-01-11T18:15:39.283960Z,claude
304b7acd,scraped-304b7acd-1768127636924.json,1209,https://www.instagram.com/infolomba/p/DL4IJe1PHez/,"624 likes, 35 comments - infolomba on July 8, 2025: ğŸ•Œâœ¨ [ENGLISH ISLAMIC COMPETITION 2025] âœ¨ğŸ•Œ Assalamu'alaikum Warahmatullahi Wabarakatuh ğŸŒ™ EDSA UAD dengan bangga mempersembahkan: ğŸ¤ ENGLISH ISLAMIC COMPETITION 2025 Tema: *Empowered Thinkers: Building a Future with Islamic Values* ğŸ“Œ Kategori Lomba: ğŸ—£ Islamic Speech ğŸ“… Timeline Lomba: â€¢ Pendaftaran: 23 Juni â€“ 17 Juli 2025 â€¢ Pengumpulan Karya: 19 â€“ 21 Juli 2025 â€¢ Penilaian: 22 â€“ 24 Juli 2025 â€¢ Pengumuman: 25 Juli 2025 ğŸ“Œ Link Penting: ğŸ”— Pendaftaran: https://s.uad.id/PendaftaranEIC2025 ğŸ“– Guidebook: https://s.uad.id/GuideEBookEIC2025 ğŸ’¸ Biaya Pendaftaran: Rp20.000 â€¢ BRI: 617601021903533 â€¢ Dana/ShopeePay: 085812682072 (Faradilla Eka Putri) ğŸ“² Contact Person: Faradilla Eka Putri - 0858 1268 2072 ğŸ Benefit: ğŸ† Uang Pembinaan untuk Juara 1, 2, 3 ğŸ“œ Sertifikat Pemenang ğŸ“„ Sertifikat Peserta ğŸŒŸ Yuk, asah kemampuan public speaking-mu sambil menyuarakan nilai-nilai Islami! Segera daftar dan jadi bagian dari kompetisi inspiratif ini! ğŸ“± IG: @edsa_uad | Web: hm.pbi.uad.ac.id #weareuad #englishislamiccompetition #speechcomp.",ENGLISH ISLAMIC COMPETITION 2025,EDSA UAD,2025-07-17,Not specified,"Rp 20,000",085812682072,"[{name: Pay, phone: 085812682072}, {name: Admin, phone: 01021903533}]",parsed,2026-01-11T18:15:39.286955Z,claude
304b7acd,scraped-304b7acd-1768127636924.json,1210,https://www.instagram.com/infolomba/p/DL3vQkaP6Xq/,"582 likes, 40 comments - infolomba on July 8, 2025: Halo para akademisi, profesional, dan masyarakat umum, Otoritas Jasa Keuangan (OJK) kembali menggelar lomba karya riset ilmiah di bidang keuangan dan ekonomi, KARISMA OJKI 2025. Ada hadiah total Rp150 juta untuk tujuh pemenang dengan karya terbaik. ğŸ”¹Tema: Maintaining Financial Sector Resilience to Support Indonesian Economic Growth Despite Global Geopolitical Tension ğŸ”¹ Total hadiah ratusan juta rupiah ğŸ”¹ Pendaftaran dibuka 20 Maret 2025 ğŸ”¹ Batas akhir pengiriman karya 31 Juli 2025 ğŸ”¹ Karya ditulis dalam bahasa Inggris ğŸ“Œ Info lengkap & pendaftaran: www.karismaojki.com ğŸ“² Kontak WA: 0812 3437 1845 * Kami tunggu karya tulis ilmiah terbaikmu! #KarismaOJKI #Karisma2025 #OJKPaperAward2025 #CallforPapers #FinancialGrowth #IndonesiaEconomy.",KARISMA OJKI 2025,Otoritas Jasa Keuangan (OJK),2025-03-20,Not specified,Not specified,081234371845,[],parsed,2026-01-11T18:15:39.288953Z,claude
304b7acd,scraped-304b7acd-1768127636924.json,1211,https://www.instagram.com/infolomba/p/DL3jlyqPdvX/,"481 likes, 42 comments - infolomba on July 8, 2025: âœ¨ [LENTERA 2025] âœ¨ Lensa dan Poster dalam Karya ğŸ“£ Halo, generasi kreatif Indonesia! Saatnya kamu beraksi! Mari tuangkan kreativitasmu dan angkat nilai-nilai budaya lokal dalam Lomba Fotografi dan Poster Digital Nasional: LENTERA 2025 yang diselenggarakan oleh Pekan Budaya Jawa KMSJ Universitas IndonesiağŸ¨ğŸ“¸ ğŸŒ¿ Dengan tema besar: ğŸ“· Warisan Leluhur dalam Bidikan Kamera (Fotografi) ğŸ–Œï¸ Jawa dalam Goresan Digital (Poster Digital) LENTERA bukan sekadar lombaâ€”ini adalah panggung bagi kalian para pelajar SMA/SMK/MA untuk menyuarakan cinta pada budaya, mengeksplorasi nilai tradisi melalui teknologi, dan berkontribusi pada pelestarian kearifan lokal lewat karya visual! ğŸŒ¾ğŸ’« ğŸ† Menangkan hadiah menarik, sertifikat, dan tentunya... kebanggaan menjadi bagian dari pelestari budaya Nusantara! ğŸ“… Pendaftaran sudah dibuka! ğŸ“ Pelaksanaan lomba secara online ğŸ“ Cek rulebook lengkap dan segera daftarkan dirimu! ğŸ–‡ï¸ https://bit.ly/RulesbookLentera ğŸ–‡ï¸ https://bit.ly/PendaftranLombaPBJ2025 ğŸ“² & pantau terus info lomba di: @pekanbudayajawa dan jangan lupa gunakan tagar: #LENTERA2025 #pbjualin.co ğŸ”¥ Saatnya buktikan bahwa kamu bisa berkarya sekaligus menjaga budaya!.",LENTERA 2025,Pekan Budaya Jawa KMSJ Universitas Indonesia,Not specified,lomba secara online,Not specified,,[],parsed,2026-01-11T18:15:39.291862Z,claude
304b7acd,scraped-304b7acd-1768127636924.json,1212,https://www.instagram.com/infolomba/p/DL3cvXwhAqu/,"357 likes, 41 comments - infolomba on July 8, 2025: ğŸŒ OPEN REGISTRATION INTERNATIONAL BUSINESS PLAN COMPETITION 2025ğŸŒ ğŸ“¢Globalpreneur callingğŸ“¢ âœ¨ International Business Plan Competition 2025 is HERE!âœ¨ This competition is made for youâ€”future changemakersâ€”who are eager to sharpen your business skills and turn innovative ideas into reality! Register now and be part of the global excitement! ğŸ“– Booklet: https://bit.ly/BOOKLETINTERNATIONALBPC2025 ğŸ”— Registration Link: https://bit.ly/RegistrationInternationalBPC2025 â˜ï¸Contact Person: +62 823-5933-1700 (Aulia Putri Andini) +62 813-3560-0760 (Fatimah Azzahra Alkatiri) ğŸ“± Stay connected: Instagram: @bpc.international_ TikTok: @bpc_febum #IBPC2025 #BrightIdeasBuildFuture #BusinessForImpact #YouthInnovation #GlobalChallenge #OpenRegistration #MakeYourMove #BusinessPlanCompetition #SDGs #BusinessModelCanvas.",INTERNATIONAL BUSINESS PLAN COMPETITION 2025,Not specified,Not specified,Not specified,Not specified,,[],parsed,2026-01-11T18:15:39.294855Z,claude
304b7acd,scraped-304b7acd-1768127636924.json,1213,https://www.instagram.com/infolomba/p/DL2SthwPAaY/,"989 likes, 42 comments - infolomba on July 8, 2025: âœ¨ ğ†ğ„ğğ˜ğ€ğ‘ ğŠğğğ„ğ‘ğ€ğ’ğˆ ğŸğŸğŸğŸ“ ğˆğ’ ğ‡ğ„ğ‘ğ„ âœ¨ ğŸ¯ ğ†ğğ›ğ²ğšğ« ğŠğ¨ğ©ğğ«ğšğ¬ğ¢ ğŸğŸğŸğŸ“ ğ¡ğšğğ¢ğ« ğ¬ğğ›ğšğ ğšğ¢ ğ°ğšğğšğ¡ ğ¦ğšğ¡ğšğ¬ğ¢ğ¬ğ°ğš ğ¬ğ-ğˆğ§ğğ¨ğ§ğğ¬ğ¢ğš ğ®ğ§ğ­ğ®ğ¤ ğ¦ğğ§ğ ğğ¦ğ›ğšğ§ğ ğ¤ğšğ§ ğ¬ğ¤ğ¢ğ¥ğ¥ ğğ¢ ğ›ğ¢ğğšğ§ğ  ğ„ğ¬ğšğ¢, ğğ®ğ¬ğ¢ğ§ğğ¬ğ¬ ğğ¥ğšğ§, ğğšğ§ ğˆğ§ğŸğ¨ğ ğ«ğšğŸğ¢ğ¬! ğŸŒ± Saatnya kamu menciptakan karya yang solutif dan berdampak, mewujudkan ğ’ğƒğ†ğ¬ ğ¦ğğ¥ğšğ¥ğ®ğ¢ ğ©ğğ«ğšğ§ ğ¤ğ¨ğ©ğğ«ğšğ¬ğ¢. ğ‡ğšğğ¢ğšğ¡ ğ­ğ¨ğ­ğšğ¥ ğ‰ğ”ğ“ğ€ğ€ğ ğ‘ğ”ğğˆğ€ğ‡ + ğ’ğğ«ğ­ğ¢ğŸğ¢ğ¤ğšğ­ ğ…ğ¢ğ¬ğ¢ğ¤ + ğğ¥ğšğ¤ğšğ­ ğ¦ğğ§ğšğ§ğ­ğ¢ ğ¤ğšğ¦ğ®! ğŸ¤© ğŸ¨ ğŸ‘ ğ‚ğ€ğğ€ğğ† ğ‹ğğŒğğ€ ğ’ğğ„ğ’ğˆğ€ğ‹ ğ”ğğ“ğ”ğŠğŒğ”! ğŸ§© Esai ğŸ“Š Infografis ğŸ’¼ Business Plan ğŸ“Œ Tersedia 2 tipe pendaftaran yang bisa kamu pilih: 1. Trik Sat-Set (buat kamu yang anti ribet!) 2. Effort Dikit (buat pejuang gratisan yang siap proses!) â€¢ Pendaftaran Gelombang I: 1â€“14 Juli 2025 â€¢ Pendaftaran Gelombang II: 15â€“19 Juli 2025 â€¢ Webinar Nasional: 20 Juli 2025 â€¢ Pengumpulan Karya: 21 Juli â€“ 2 Agustus 2025 â€¢ Penilaian & Seleksi: 3 â€“ 13 Agustus 2025 â€¢ Pengumuman Finalis: 16 Agustus 2025 â€¢ Awarding, Pitching, & Seminar: 23 Agustus 2025 Yuk, buruan daftar sekarang! ğŸ”— ğ‹ğ¢ğ§ğ¤ ğğğ§ğğšğŸğ­ğšğ«ğšğ§: https://ipb.link/link-pendaftaran-gk2025 ğŸ“˜ ğ‹ğ¢ğ§ğ¤ ğ†ğ®ğ¢ğğğ›ğ¨ğ¨ğ¤: https://ipb.link/guidebook-gk2025 ğŸ“ ğğšğ«ğšğ¡ğ®ğ›ğ®ğ§ğ : ğŸ“ Esai: Kak Fatimah (0877-8149-1312) ğŸ’¼ Business Plan: Kak Nasywa (0821-7820-5115) ğŸ“Š Infografis: Kak Adelia (0857-1936-5634)* ğŸ“Œ ğ†ğğ›ğ²ğšğ« ğŠğ¨ğ©ğğ«ğšğ¬ğ¢ ğŸğŸğŸğŸ“ â€“ ğƒğšğ«ğ¢ ğŠğ¨ğ©ğğ«ğšğ¬ğ¢, ğ“ğ®ğ¦ğ›ğ®ğ¡ ğŠğ«ğğšğ¬ğ¢, ğ‚ğšğ©ğšğ¢ ğ’ğƒğ†ğ¬ ğğğ§ğ ğšğ§ ğ€ğ¤ğ¬ğ¢! ğŸ‡®ğŸ‡©ğŸ’š #GebyarKoperasi2025 #SDGsBersamaKoperasi #MahasiswaBerkolaborasi #LombaNasional #Esai #Infografis #BusinessPlan #KoperasiMudaMaju.",GEBYAR KOPERASI 2025,Not specified,2025-07-14,Not specified,Not specified,087781491312;082178205115;085719365634,[],parsed,2026-01-11T18:15:39.295853Z,claude
304b7acd,scraped-304b7acd-1768127636924.json,1214,https://www.instagram.com/infolomba/p/DL2GYqDvoqN/,"2,146 likes, 48 comments - infolomba on July 8, 2025: ğŸ… PEMBUKAAN PENDAFTARAN BIMBINGAN FIKSI 2025! Siap jadi juara dan bawa pulang medali di ajang nasional? ğŸŒŸ . ğŸ¯ Kenapa harus daftar FIKSI 2025? âœ… Kesempatan meraih prestasi tingkat nasional âœ… Relasi dengan putra-putri terbaik dari 38 provinsi âœ… Bisa daftar Beasiswa Indonesia Maju âœ… Portofolio makin kuat untuk masa depan! . âœ¨ Bersama Global Champion, kamu akan dibimbing langsung oleh mentor berpengalaman 12+ tahun, kurikulum yang disesuaikan, metode belajar komprehensif mulai dari brainstorming ide, desain prototype, hingga simulasi presentasi final. . ğŸ“Œ Bimbingan FULL ONLINE, jadwal fleksibel, dan dapat konsultasi intens via WhatsApp. Plus, dapat FREE template BMC & proposal buat persiapan FIKSI kamu! . Jadi, tunggu apalagi? Daftarkan dirimu sekarang jugaâ€¼ï¸ *Hubungi kontak di bio.",FIKSI 2025,Global Champion,2025-07-08,Online,FREE,,[],parsed,2026-01-11T18:15:39.297852Z,claude
304b7acd,scraped-304b7acd-1768127636924.json,1215,https://www.instagram.com/infolomba/p/DL14utpPczu/,"480 likes, 33 comments - infolomba on July 8, 2025: êœ±á´á´€ Ê™á´œÉ´á´…á´€ Êœá´€á´›Éª á´‹á´œá´…á´œêœ± á´Šá´€á´‹á´€Ê€á´›á´€ á´˜Ê€á´‡êœ±á´‡É´á´›êœ±â€¦ ğŸ”¥ ğğ‡ğŠ ğ‚ğ”ğ ğ•ğ€ğ‹ğğ‘ğ„ ğŸğŸğŸğŸ“ ğŸ”¥ Compete with Heart, Uphold Integrity Hey, Valorians!ğŸ™‹ğŸ»â€â™€ï¸ ğŸ“¢ BHK CUP 2025 is now OPEN FOR REGISTRATION! ğŸ“ Link: https://drive.google.com/drive/u/0/mobile/folders/1gwN6yiC5iSBzQujsmL-PQt3_G5LacbuA â³ Regis closes: Aug 9th, 2025 ğŸ“… Event: Aug 22â€“29, 2025 ğŸ“ Venue: SMA Bunda Hati Kudus, Jakarta Barat ğŸ¯ COMPETITION LIST (for SMP level) âš½ Futsal (Putra) â€“ Samuel Jonathan | +62 838-0657-8700 â›¹ğŸ»â€â™€ï¸ Basket (Putra & Putri) â€“ Clark Henry | +62 813-1771-0311 ğŸ’ƒğŸ» Modern Dance â€“ Jocelyn Ivana | +62 812-7180-2008 ğŸ Voli (Putra & Putri) â€“ Richard Nathan | +62 819-3207-0353 ğŸ¸ Badminton (Ganda Putra & Putri) â€“ Christian Edward | +62 821-1136-0598 ğŸ“ Info: Corrinne Huang â€“ +62 821-2563-7877 Maureen Aurelia â€“ +62 878-2525-9298.",BHK CUP 2025,SMA Bunda Hati Kudus,Not specified,Not specified,Not specified,,[],parsed,2026-01-11T18:15:39.299956Z,claude
304b7acd,scraped-304b7acd-1768127636924.json,1216,https://www.instagram.com/infolomba/p/DL1ohhJv4cT/,"368 likes, 27 comments - infolomba on July 8, 2025: Hallo Sobat JASMERAH ğŸ‘‹ Himpunan Mahasiswa Program Studi Pendidikan Sejarah, Fakultas Ilmu Sosial, Universitas PGRI Mahadewa Indonesia dengan bangga mempersembahkan: ğŸ‰ Social History Competition (SHC) V Tingkat Nasional Tahun 2025 ğŸ‰ Dengan tema: *History Without Borders: Digitalisasi Pembelajaran Sejarah dalam Bingkai Nasionalisme dan Patriotisme* ğŸ“Œ Jenis Lomba: 1. Lomba Video TikTok (untuk siswa/i SMA/SMK se-Indonesia) 2. Lomba Karya Tulis Ilmiah (untuk mahasiswa se-Indonesia) ğŸ“… Timeline Kegiatan: Pendaftaran & Pengumpulan Karya: 24 Juni â€“ 30 Juli 2025 Pengumuman 5 Besar Finalis: 5 Agustus 2025 Technical Meeting: 7 Agustus 2025 Presentasi Finalis 5 Besar: 10 Agustus 2025 Penilaian Karya: 9 â€“ 19 Agustus 2025 Pengumuman Juara: 22 Agustus 2025 ğŸ“¥ Link Pendaftaran: ğŸ‘‰ https://bit.ly/PendaftaranSHCV2025 ğŸ Keuntungan: âœ¨ Uang pembinaan & e-sertifikat untuk para juara, termasuk Juara Favorit âœ¨ E-sertifikat untuk seluruh peserta ğŸ“ Narahubung: Dewa: 0877-2274-1549 Donia: 0878-4018-0155 ğŸŒ Media Sosial: Instagram: @hmpssejarahupmi_07 Facebook: HMPS Pendidikan Sejarah TikTok: @sejarahupmi YouTube: HMPS Sejarah UPMI Mari bergabung dan ramaikan SHC V 2025 dengan karya terbaikmu! Tunjukkan semangat nasionalisme melalui sejarah digital, dan raih prestasimu! ğŸ“£ Sampai jumpa di SHC V 2025! Salam JASMERAH! Jangan Sekali-kali Melupakan Sejarah.",Social History Competition (SHC) V 2025,HMPS Pendidikan Sejarah Universitas PGRI Mahadewa Indonesia,2025-07-30,Not specified,Not specified,087722741549;087840180155,[],parsed,2026-01-11T18:15:39.301962Z,claude
304b7acd,scraped-304b7acd-1768127636924.json,1217,https://www.instagram.com/infolomba/p/DL1cuWgPfps/,"173 likes, 32 comments - infolomba on July 7, 2025: ğŸ”¥ UNPAR BIZFEST 2.0 IS BACK! ğŸ”¥ Exclusive untuk seluruh siswa SMA/SMK di Jawa Barat, yuk segera daftarkan team dari sekolah kalian untuk mengikuti berbagai kompetisi di UNPAR BIZFEST 2.0 dan jangan lewatkan kesempatan untuk memenangkan hadiah jutaan rupiah!! â­ ğŠğ¨ğ¦ğ©ğğ­ğ¢ğ¬ğ¢ ğšğ¤ğšğğğ¦ğ¢ğ¤: Marketing Competition â­ ğŠğ¨ğ¦ğ©ğğ­ğ¢ğ¬ğ¢ ğ§ğ¨ğ§-ğšğ¤ğšğğğ¦ğ¢ğ¤: - E-sport (Mobile Legend) - Dance - Band ğŸ’¸ Biaya pendaftaran mulai dari Rp 100.000 - Early Bird (1-13 Juli) - Normal (14 Juli - 31 Agustus) ğŸ“Daftar sekarang: bit.ly/UB2025_REGISTRATION CP: Jovan (089684822054) Tunggu apalagi?! Segera daftarkan team kalian! ğ’ğšğ¦ğ©ğšğ¢ ğ£ğ®ğ¦ğ©ğš ğğ¢ ğ”ğğğ€ğ‘ ğğˆğ™ğ…ğ„ğ’ğ“&nbsp;ğŸ.ğŸ!&nbsp;ğŸ”¥ #UNPARBizfest2025 #Bizfest2_0 #LombaSMA #BandungEvent #MarketingCompetition #EsportML #DanceCompetition #BandCompetition #AnakSMAJabar #UNPAREvent&nbsp;#BizfestIsBack.",UNPAR BIZFEST 2.0,Universitas Parahyangan,Not specified,Not specified,Not specified,089684822054,"[{name: Jovan, phone: 089684822054}]",parsed,2026-01-11T18:15:39.303951Z,claude
304b7acd,scraped-304b7acd-1768127636924.json,1218,https://www.instagram.com/infolomba/p/DL1OcQYv1pZ/,"723 likes, 30 comments - infolomba on July 7, 2025: ğŸ“¢ [ğ—¢ğ—£ğ—˜ğ—¡ ğ—¥ğ—˜ğ—šğ—œğ—¦ğ—§ğ—¥ğ—”ğ—§ğ—œğ—¢ğ—¡ ğ—ªğ—œğ—Ÿğ——ğ—–ğ—”ğ—§ ğ—”ğ—”ğ—£ğ—š ğ—œğ—§ğ—• ğŸ®ğŸ¬ğŸ®ğŸ±]ğŸ“¢ Calling all innovators and young changemakers! âš¡ğŸŒ WILDCAT AAPG ITB 2025 is officially OPEN! A flagship competition by AAPG ITB that brings together students from all over the world to explore the ğ—³ğ˜‚ğ˜ğ˜‚ğ—¿ğ—² ğ—¼ğ—³ ğ—¼ğ—¶ğ—¹ & ğ—´ğ—®ğ˜€, ğ—²ğ—»ğ—²ğ—¿ğ—´ğ˜†, ğ—®ğ—»ğ—± ğ˜€ğ˜‚ğ˜€ğ˜ğ—®ğ—¶ğ—»ğ—®ğ—¯ğ—¶ğ—¹ğ—¶ğ˜ğ˜†ğŸŒ¿ğŸ’¡ ğ—§ğ—µğ—² ğ—–ğ—¼ğ—ºğ—½ğ—²ğ˜ğ—¶ğ˜ğ—¶ğ—¼ğ—» : ğ—³ğ—¼ğ—¿ ğ—¨ğ—»ğ—±ğ—²ğ—¿ğ—´ğ—¿ğ—®ğ—±ğ˜‚ğ—®ğ˜ğ—² ğ—¦ğ˜ğ˜‚ğ—±ğ—²ğ—»ğ˜ğ˜€ ğŸ“„ Paper & Poster Competition ğŸ“Š GnG Study Case Competition ğŸ’¼ Business Case Competition ğŸ§  Smart Competition ğ—³ğ—¼ğ—¿ ğ—›ğ—¶ğ—´ğ—µ ğ—¦ğ—°ğ—µğ—¼ğ—¼ğ—¹ ğ—¦ğ˜ğ˜‚ğ—±ğ—²ğ—»ğ˜ğ˜€ ğŸ¥ Creative Video Competition ğ—§ğ—µğ—²ğ—ºğ—² : Exploring and Innovating Earth's Resources to Drive a Sustainable Energy Transition â€¼ï¸ğ—§ğ—¶ğ—ºğ—²ğ—¹ğ—¶ğ—»ğ—² ğ—¥ğ—²ğ—´ğ—¶ğ˜€ğ˜ğ—¿ğ—®ğ˜ğ—¶ğ—¼ğ—»â€¼ï¸ ğŸ”¹ Early Bird Registration: ğŸ®ğŸ®â€“ğŸ¯ğŸ¬ ğ—ğ˜‚ğ—»ğ—² ğŸ®ğŸ¬ğŸ®ğŸ“ ğŸ”¹ Normal Registration: ğŸ­â€“ğŸ­ğŸµ ğ—ğ˜‚ğ—¹ğ˜† ğŸ®ğŸ¬ğŸ®ğŸ± Access all important links: linktr.ee/Wildcataapgitb2025 @wildcataapgitb ğŸ“ Contact Person: Adrian (081287868671) Aldi (083148657849) #ğ—¦ğ˜‚ğ˜€ğ˜ğ—®ğ—¶ğ—»ğ—§ğ—¼ğ—šğ—®ğ—¶ğ—» #ğ—ªğ—¶ğ—¹ğ—±ğ—°ğ—®ğ˜ğ—”ğ—”ğ—£ğ—šğ—œğ—§ğ—•ğŸ®ğŸ¬ğŸ®ğŸ“.",WILDCAT AAPG ITB 2025,AAPG ITB,Not specified,Not specified,Not specified,081287868671;083148657849,"[{name: Adrian, phone: 081287868671}, {name: Aldi, phone: 083148657849}]",parsed,2026-01-11T18:15:39.304857Z,claude
304b7acd,scraped-304b7acd-1768127636924.json,1219,https://www.instagram.com/infolomba/p/DL1AuR8vIdu/,"279 likes, 31 comments - infolomba on July 7, 2025: ğŸš€ INFORMATION SYSTEM FESTIVAL 2025 IS HERE! Get ready to unleash your innovation and business creativity at this year's ISFEST! ğŸ¨ UI/UX Design Competition ğŸ’¼ Business Plan Competition ğŸ—“ Registration Period: ğŸ“Œ July 1st â€“ August 17th, 2025 ğŸ“ Free Registration via link in bio or scan the QR code! ğŸ’» Link UI/UX : https://forms.gle/mGu4ozt2XnWVvuYq5 ğŸ“ˆ Link Business Plan : https://forms.gle/qezoQWQLMCcGudEEA ğŸ’° Total Prize Pool: IDR 18,500,000 ğŸ“† Timeline Highlights: ğŸ”¹ Aug 18 â€“ Technical Meeting 1 ğŸ”¹ Aug 19â€“31 â€“ Proposal Writing ğŸ”¹ Aug 31â€“Sep 3 â€“ Business Plan Judging ğŸ”¹ Sep 4 â€“ Business Plan Announcement ğŸ”¹ Sep 6 â€“ Technical Meeting 2 ğŸ”¹ Sep 15 â€“ UI/UX & Business Plan Competition ğŸ”¹ Sep 16 â€“ Final Presentation (Offline) ğŸ”¹ Sep 17 â€“ International Seminar + Winners Announcement âœ¨ Be part of the experience. Collaborate, compete, and grow! ğŸ“± us on Instagram: @ISFESTUKSW2025 ğŸ“ Contact: ğŸ“ Galang: +62 838-6302-9169 ğŸ“ Gauand: +62 896-3633-4240 #ISFEST2025 #UIUXCompetition #BusinessPlan #StudentFestival #UKSW #Informatio.",INFORMATION SYSTEM FESTIVAL 2025,Not specified,Not specified,Not specified,Not specified,,[],parsed,2026-01-11T18:15:39.306950Z,claude
304b7acd,scraped-304b7acd-1768127636924.json,1220,https://www.instagram.com/infolomba/p/DL02OiAhe_0/,"328 likes, 33 comments - infolomba on July 7, 2025: âœ¨[ğ—–ğ—”ğ—ğ—¥ğ—”ğ—ªğ—”ğ—Ÿğ—” ğ—œğ—¡ğ—©ğ—˜ğ—¡ğ—§ğ—œğ—¢ğ—¡ ğ—”ğ—¡ğ—— ğ—œğ—¡ğ—¡ğ—¢ğ—©ğ—”ğ—§ğ—œğ—¢ğ—¡ ğ—™ğ—”ğ—œğ—¥ (ğ—–ğ—œğ—œğ—™) ğŸ¯.ğŸ¬]âœ¨ Inovasi Mahasiswa untuk Mendukung Desa Berdaya dan Cerdas di Era 5.0 Guna Mewujudkan Indonesia Emas 2045 ğ—–ğ—œğ—œğ—™ atau ğ—–ğ—®ğ—¸ğ—¿ğ—®ğ˜„ğ—®ğ—¹ğ—® ğ—œğ—»ğ˜ƒğ—²ğ—»ğ˜ğ—¶ğ—¼ğ—» ğ—®ğ—»ğ—± ğ—œğ—»ğ—»ğ—¼ğ˜ƒğ—®ğ˜ğ—¶ğ—¼ğ—» ğ—™ğ—®ğ—¶ğ—¿ adalah ajang yang ditujukan untuk memberi kesempatan bagi mahasiswa diploma atau sarjana di seluruh Indonesia agar dapat menunjukkan penemuan atau inovasinya melalui esai ilmiah. Sobat Acen, waktunya BERGERAK! Pendaftaran Cakrawala Invention and Innovation Fair 3.0 telah dibuka!ğŸš€ ğŸ“Œ Buktikan idemu, tunjukkan risetmu, dan jadilah juara! âœ¨ Banyak hadiah menarik menantimu! ğ˜šğ˜°? Tunggu apa lagiğŸ¤”? Daftar sekarang, jangan sampai ketinggalan!!!ğŸ‘‡ğŸ» â€¼ï¸ğ—§ğ—œğ— ğ—˜ğ—Ÿğ—œğ—¡ğ—˜ ğ—£ğ—˜ğ—¡ğ——ğ—”ğ—™ğ—§ğ—”ğ—¥ğ—”ğ—¡â€¼ï¸ ğ˜Œğ˜¢ğ˜³ğ˜­ğ˜† ğ˜£ğ˜ªğ˜³ğ˜¥ (45k): 23 Juni - 2 Juli 2025 Gelombang 1 (55k): 3 Juli - 19 Juli 2025 Gelombang 2 (65k): 20 Juli - 5 Agustus 2025 ğŸ”—ğ—Ÿğ—œğ—¡ğ— ğ—£ğ—˜ğ—¡ğ——ğ—”ğ—™ğ—§ğ—”ğ—¥ğ—”ğ—¡ https://bit.ly/PendaftaranCIIF2025 ğŸ“’ğ—šğ—¨ğ—œğ——ğ—˜ ğ—•ğ—¢ğ—¢ğ— https://bit.ly/GuideBookCIIF2025 ğ˜¾ğ™¤ğ™£ğ™©ğ™–ğ™˜ğ™© ğ™‹ğ™šğ™§ğ™¨ğ™¤ğ™£ â˜ wa.me/6281295252197 (a.n Fashya) â˜ wa.me/6282231343024 (a.n Anggun) #CIIF3.0 #DEPARTEMENKEILMUAN #KABINETASHRAYA #BEMFMIPAUM2025 #UNIVERSITASNEGERIMALANG.",CAKRAWALA INVENTION AND INNOVATION FAIR (CIIF) 3.0,BEM FMIPA UM,2025-07-02,Not specified,Not specified,081295252197;082231343024,"[{name: Admin, phone: 081295252197}, {name: Admin, phone: 082231343024}, {name: Admin, phone: 06281295252197}, {name: Admin, phone: 06282231343024}]",parsed,2026-01-11T18:15:39.307961Z,claude
304b7acd,scraped-304b7acd-1768127636924.json,1221,https://www.instagram.com/infolomba/p/DLzqZdAvA_6/,"575 likes, 25 comments - infolomba on July 7, 2025: ğŸ”¥ CHEM CUP 2025 ğŸ”¥ ğŸ“š Lomba Kimia Tingkat SMA/SMK/MA Sederajat Se-Kabupaten & Se-Jawa Timur ğŸ§ª Hallo pejuang sains muda! ğŸŒŸ Kamu suka tantangan dan tertarik dengan dunia kimia? Saatnya tunjukkan kemampuanmu di ajang bergengsi CHEM CUP 2025! Bawa pulang pengalaman, prestasi, dan hadiah menarik! ğŸ†âœ¨ ğŸ’¥ CHEM CUP 2025: Chemistry Challenge for Future Champs! ğŸ“†Timeline Kegiatan ğŸš¨Pendaftaran â€¢ Batch 1 : 3 Juni - 11 Juli 2025 â€¢ Batch 2 : 12 Juli - 20 Agustus 2025 ğŸ§  OLIMPIADE KIMIA: â€¢ Babak Penyisihan: 23 Agustus 2025 â€¢ Pengumuman 20 Besar: 26 Agustus 2025 â€¢ Babak Final: 2 September 2025 ğŸ”¬ LOMBA KOMPETENSI SISWA (LKS): â€¢ Pelaksanaan: 26 Agustus 2025 ğŸ“ LKTI & ESSAI INFOGRAFIS: â€¢ Submit Karya: 21 â€“ 25 Agustus 2025 â€¢ Pengumuman Finalis: 2 September 2025 â€¢ Babak Final : 9 September 2025 ğŸ’¸ BIAYA PENDAFTARAN: ğŸ“ Batch 1 (3 Juni â€“ 11 Juli) â€¢ Olimpiade: Rp. 50.000 â€¢ LKS: Rp. 200.000 â€¢ LKTI: Rp. 80.000 â€¢ Essai Infografis: Rp. 40.000 ğŸ“ Batch 2 (12 Juli â€“ 20 Agustus) â€¢ Olimpiade: Rp. 60.000 â€¢ LKS: Rp. 250.000 â€¢ LKTI: Rp. 100.000 â€¢ Essai Infografis: Rp. 50.000 ğŸ’° Pembayaran dapat ditransfer ke: ğŸ¦ BCA a.n. Arik Febri Trisnawati ğŸ“Œ No. Rekening: 6155563005 ğŸ“ DAFTAR SEKARANG! ğŸ“ Link Pendaftaran: https://bit.ly/FormPendaftaranCHEMCUP25 ğŸ“² ğ˜¾ğ™¤ğ™£ğ™©ğ™–ğ™˜ğ™© ğ™‹ğ™šğ™§ğ™¨ğ™¤ğ™£ ğŸ“² ğŸ“±Cabang Olimpiade (Bapak Ardi) : +62 857-3031-9944 ğŸ“±Cabang LKS (Bapak Deni): 083857257301 ğŸ“±Cabang LKTI dan Infografis (Ibu Jumrotul) : +62 822-4565-1882 ğŸ“¸ Instagram: @chemcup2025.",CHEM CUP 2025,Not specified,2025-07-11,26 Agustus 2025,Not specified,083857257301,"[{name: Rekening, phone: 06155563005}, {name: Admin, phone: 083857257301}]",parsed,2026-01-11T18:15:39.308952Z,claude
304b7acd,scraped-304b7acd-1768127636924.json,1222,https://www.instagram.com/infolomba/p/DLzbSJ1v1ae/,"424 likes, 26 comments - infolomba on July 7, 2025: ğŸ“£ [ğğğ„ğ ğ‘ğ„ğ†ğˆğ’ğ“ğ‘ğ€ğ“ğˆğğ â€” ğˆğŒğ‚ ğŸğŸğŸğŸ“] ğŸ“£ Halo, Mathlovers! Kabar menggembirakan untuk seluruh mahasiswa di Indonesia, ğ—½ğ—²ğ—»ğ—±ğ—®ğ—³ğ˜ğ—®ğ—¿ğ—®ğ—» ğ—œğ—£ğ—• ğ— ğ—®ğ˜ğ—µğ—²ğ—ºğ—®ğ˜ğ—¶ğ—°ğ˜€ ğ—–ğ—µğ—®ğ—¹ğ—¹ğ—²ğ—»ğ—´ğ—² ğŸ®ğŸ¬ğŸğŸ“ ğ˜ğ—²ğ—¹ğ—®ğ—µ ğ—¿ğ—²ğ˜€ğ—ºğ—¶ ğ——ğ—œğ—•ğ—¨ğ—ğ—”! Tahun ini, IMC 2025 menghadirkan ğ˜ğ—¶ğ—´ğ—® ğ—°ğ—®ğ—¯ğ—®ğ—»ğ—´ ğ—¹ğ—¼ğ—ºğ—¯ğ—® ğ˜‚ğ˜ğ—®ğ—ºğ—®: â€¢ Infographics Challenge (IC) â€¢ Dashboard Challenge (DC) â€¢ Study Case Challenge (SCC) ğŸŒŸ ğ—•ğ—²ğ—»ğ—²ğ—³ğ—¶ğ˜ğ˜€ ğ˜†ğ—®ğ—»ğ—´ ğ—®ğ—¸ğ—®ğ—» ğ—±ğ—¶ğ—±ğ—®ğ—½ğ—®ğ˜: â€¢ E-Certificate berskala nasional â€¢ Hadiah hingga jutaan rupiah â€¢ Pelatihan khusus oleh mentor berpengalaman â€¢ Seminar menarik tentang penerapan matematika di dunia nyata ğŸ“… ğ—Ÿğ—¶ğ—»ğ—¶ğ—ºğ—®ğ˜€ğ—® ğ—£ğ—²ğ—»ğ—±ğ—®ğ—³ğ˜ğ—®ğ—¿ğ—®ğ—»: â€¢ Gelombang 1: 1 â€“ 6 Juli 2025 (Rp 15.000) â€¢ Gelombang 2: 7 â€“ 25 Juli 2025 (Rp 20.000) ğŸ“˜ ğ—£ğ—®ğ—»ğ—±ğ˜‚ğ—®ğ—» ğ—¹ğ—²ğ—»ğ—´ğ—¸ğ—®ğ—½ ğ—½ğ—²ğ—»ğ—±ğ—®ğ—³ğ˜ğ—®ğ—¿ğ—®ğ—»: https://linktr.ee/cod_2025 Narahubung Challenge: 6281298346299 (Daniel) Tunggu apalagi? Jangan sia-siakan kesempatan emas ini dan menangkan hadiahnya! Thank you. _____________ THE 14TH IPB MATHEMATICS CHALLENGE 2025 Contact person: ğŸ“ 628111775975 (Fahmi) ğŸ“ 6289654075904 (Lydia) Instagram & Tiktok: @imcipb #GuidebookIMC2025 #MathIsFun #IMC2025 #IMCIPB #IPBMathematicsChallenge #IPBUniversity.",IPB MATHEMATICS CHALLENGE 2025,IPB University,2025-07-06,Not specified,Not specified,081298346299;08111775975;089654075904,"[{name: Narahubung Challenge, phone: 081298346299}, {name: Admin, phone: 06281298346299}, {name: Admin, phone: 0628111775975}, {name: Admin, phone: 06289654075904}]",parsed,2026-01-11T18:15:39.309950Z,claude
304b7acd,scraped-304b7acd-1768127636924.json,1223,https://www.instagram.com/infolomba/p/DLzRg68v5Ub/,"790 likes, 28 comments - infolomba on July 7, 2025: [OPEN REGISTRATION MEDXPLORE AYP 2025] Hi, People of Tomorrow! â­ Pernah kah kalian membayangkan bagaimana kehidupan sebagai mahasiswa FK-KMK UGM??ğŸ¤” Ekspresikan keingintahuanmu melalui kegiatan ğ— ğ—˜ğ——ğ—«ğ—£ğ—Ÿğ—¢ğ—¥ğ—˜, AMSA Youth Project 2025â€¼ï¸ğŸ¤© ğŸ“† Early Registration: 6â€“20 Juli 2025 ğŸ“† Late Registration: 21 Juliâ€“13 Agustus 2025 ğŸ”— bit.ly/RegistrationMEDXPLORE2025 ğŸ”¥SLOT TERBATAS!!ğŸ”¥ Siapkan dirimu untuk menjelajahi FK-KMK UGM dan merasakan pengalaman menjadi bagian dari mahasiswa FK-KMK UGM!!ğŸ’¥ Untuk informasi lebih lanjut, ikuti media sosial kami: Instagram: @aypugm Twitter: @aypugm Tiktok: @aypugm #AMSAYouthProject #AYP2025.",MEDXPLORE AYP 2025,AMSA UGM,2025-07-20,Not specified,Not specified,,[],parsed,2026-01-11T18:15:39.310860Z,claude
304b7acd,scraped-304b7acd-1768127636924.json,1224,https://www.instagram.com/infolomba/p/DLy_NcnvTf6/,"389 likes, 27 comments - infolomba on July 6, 2025: Menjelang Indonesia Net-Zero Summit (INZS) 2025, FPCI Climate Unit mengajak kamu untuk menyuarakan aspirasi iklim dan memvisualisasikannya lewat Lomba Desain #PosterUntukIklim! Lima karya terbaik akan dipamerkan di venue INZS 2025, disaksikan oleh ribuan peserta dari berbagai kalangan: pemangku kebijakan, ahli, aktivis, selebriti, hingga #GenNZ yang peduli dengan masa depan bumi. Para pemenang juga akan mendapatkan sertifikat penghargaan, VIP seats, dan official merchandise INZS 2025! ğŸ¨ Kamu bebas berkreasi dalam berbagai bentuk poster digitalâ€“baik itu ilustrasi, poster publik, maupun infografisâ€“selama kamu menyampaikan pesan dan aspirasimu mengenai salah satu tema isu iklim yang telah kami tentukan. Suaramu untuk iklim, aksimu untuk masa depan! Kirim karya terbaikmu sebelum Sabtu, 12 Juli 2025 pukul 22.00 WIB lewat bit.ly/PosterUntukIklim â€” #PosterUntukIklim #DesainPoster #DesainGrafis #LombaDesain #LombaPoster #KompetisiDesain #INZS2025 #GenNZ.,Poster Untuk Iklim,FPCI Climate Unit,2025-07-12,Not specified,Not specified, ahli,[],parsed,2026-01-11T18:15:39.311857Z,claude",,,,,,
304b7acd,scraped-304b7acd-1768127636924.json,1225,https://www.instagram.com/infolomba/p/DLyj6ANPa2H/,"291 likes, 28 comments - infolomba on July 6, 2025: ğŸš€ NARRATHON REGISTRATION IS NOW OPEN ğŸš€ ğ—–alling All Story LoversğŸ“¢ Are you ready to challenge yourself and showcase your creativity through your most inspiring work in this competition? The Narration Telling Competition (NARRATHON) is coming to the Biro Sistem Informasi Universitas Dian Nuswantoro Kampus Kota Kediri This isn't just telling stories â€” it's bringing the future to life through voice and narrative. ğŸ™ğŸ’¡ your message technology in a way that's engaging, creative, and inspiring! ğŸ’¸ Registration Timeline: Batch 1: ğŸ—“ June 28 â€“ July 4, 2025 ğŸ’° Fee: Rp 30,000 Batch 2: ğŸ—“ July 5 â€“ July 11, 2025 ğŸ’° Fee: Rp 35,000 ğŸ’³ Payment Options: â€¢ Bank Mandiri - 136.0005359200 (Universitas Dian Nuswantoro) ğŸ–‡ Register now at: https://bit.ly/Narrathon2025 ğŸ“„ Guidebook Link: bit.ly/Narrathon â˜ For Information: â€¢ Instagram: @sisteminformasi.udinuskdr | @sisfoudinus.kdr â€¢ Contact Persons: â€¬â€¬+62 878-5072-3231 (Adinda) â€¬â€¬+62 813-3747-6944 (Mutiara) ğŸš€ Because technology means nothing without the v.",NARRATHON,Universitas Dian Nuswantoro,2025-07-04,Not specified,Not specified,,"[{name: Admin, phone: 0005359200}]",parsed,2026-01-11T18:15:39.314858Z,claude
304b7acd,scraped-304b7acd-1768127636924.json,1226,https://www.instagram.com/infolomba/p/DLybQ0RvkzS/,"410 likes, 25 comments - infolomba on July 6, 2025: [ğŸŒŸNATIONAL ENGLISH SKILLS COMPETITIONğŸŒŸ] ENGLISH STUDENTS ASSOCIATION PROUDLY PRESENT âœ¨ NESC 2025 has started!!! With the theme *Uniting Cultural Diversity through National English Skills Competition E.S.A 2025* it is your ticket to achieve awards and experiences. This national online competition is open to college students and high school students. Get ready, the spotlight is on you - the competition is to start! Get in the game of Competitions; who dares, wins! ğŸ†ğŸ‘ Senior High School 1. Story Telling 2. Speech 3. Poster 4. Vlog Collage Students 1. Speech 2. Story Telling 3. Vlog 4. â Poster Cue the calendar, it's showtime: ONLINE - Pendaftaran: 20 Juni - 13 Juli 2025 - Pengumpulan Karya: 14 - 19 Juli 2025 - Compile Karya: 20 Juli 2025 - Pembukaan secara Umum: 21 Juli 2025 - Penilaian: 21 - 24 Juli 2025 - Pengumuman dan Penutupan: 26 Juli 2025 OFFLINE - Pendaftaran: 1 - 19 Juli 2025 - Pembukaan secara Umum: 21 Juli 2025 - Penampilan dan Penilaian: 21 Juli 2025 - Pengumuman Finalis: 22 Juli 2025 - Persiapan Final: 22 - 25 Juli - Final dan Pengumuman: 26 Juli 2025 - Penutupan: 26 Juli 2025 Click here to register now and join the actionâ¬‡â¬‡â¬‡ ğŸ”— https://linktr.ee/NESCESA2025 Contact Person: Registration Information â˜ PJ Speech College Students (Devita Ananda) 0831-8560-3312 â˜ PJ Speech Senior High School (Delvy Rani) 0838-3931-7162 â˜ PJ Storytelling College Students (Viona Sri Indayani) 0831-3887-7710 â˜ PJ Storytelling Senior High School (Aurel) 0853-6405-2336 â˜ PJ Vlog Collage Students (Alifia Maharani) 0831-8179-3136 â˜ PJ Vlog Senior High School (Ailsa Syakirah Auryn) 0851-7990-2678 â˜ PJ Poster College Students (Anggun Dahlia) 0853-6336-4787 â˜ PJ Poster Senior High School (Hafifah Arta Meivia) 0852-6369-8360 Further Information ğŸ’¸ Insert 1. Speech College Students: 15k (Online) 2. Speech Senior High School: 25k (Offline) 3. Storytelling College Students: 15k (Online) 4. Storytelling Senior High School: 25k (Offline) 5. Vlog Collage Students: 15k (Online) 6. Vlog Senior High School: 15k (Online) 7. Poster College Students: 15k (Online) 8. Poster Senior High School: 15k (Online) ğŸŒ€ Benefits: ğŸ¥‡.",NATIONAL ENGLISH SKILLS COMPETITION,ENGLISH STUDENTS ASSOCIATION,2025-07-13,Offline: - pendaftaran 1 - 19 juli 2025 - pembukaan secara ,Not specified,083185603312;083839317162;083138877710;085364052336;083181793136;085179902678;085363364787;085263698360,[],parsed,2026-01-11T18:15:39.317856Z,claude
304b7acd,scraped-304b7acd-1768127636924.json,1227,https://www.instagram.com/infolomba/p/DLyP0Myh69T/,"281 likes, 25 comments - infolomba on July 6, 2025: ğŸ“¢ ğğğ„ğ ğ‘ğ„ğ†ğˆğ’ğ“ğ‘ğ€ğ“ğˆğğ ğğ€ğ“ğ‚ğ‡ ğŸ ğˆğ’ ğğğ– ğğğ„ğ ğŸ“¢ ğ‘»ğ’‚ğ’™ğ’‘ğ’“ğ’†ğ’”ğ’”ğ’Šğ’ğ’: ğ‘»ğ’‚ğ’™ ğ‘ªğ’ğ’ğ’‘ğ’†ğ’•ğ’Šğ’•ğ’Šğ’ğ’ 2025 kembali membuka pendaftaran gelombang kedua! Kesempatan masih terbuka bagi siswa/i dan mahasiswa/i seluruh Indonesia untuk ikut serta dalam kompetisi perpajakan berbasis studi kasus dan debat, dengan tema: ğ˜¿ğ™ğ™œğ™ğ™©ğ™–ğ™¡ ğ™ğ™–ğ™­ ğ™ğ™§ğ™–ğ™£ğ™¨ğ™›ğ™¤ğ™§ğ™¢ğ™–ğ™©ğ™ğ™¤ğ™£: ğ™ğ™šğ™–ğ™¡ğ™ğ™¯ğ™ğ™£ğ™œ ğ™– ğ™ğ™ªğ™¨ğ™©ğ™–ğ™ğ™£ğ™–ğ™—ğ™¡ğ™š ğ™€ğ™˜ğ™¤ğ™£ğ™¤ğ™¢ğ™® ğ™ğ™ğ™§ğ™¤ğ™ªğ™œğ™ ğ™„ğ™£ğ™£ğ™¤ğ™«ğ™–ğ™©ğ™ğ™¤ğ™£ ğ™–ğ™£ğ™™ ğ™‰ğ™–ğ™©ğ™ğ™¤ğ™£ğ™–ğ™¡ ğ™ğ™–ğ™­ ğ˜¾ğ™¤ğ™¢ğ™¥ğ™¡ğ™ğ™–ğ™£ğ™˜ğ™š. ğŸ“Œ ğ’ğ²ğšğ«ğšğ­ ğğğ§ğğšğŸğ­ğšğ«ğšğ§ ğ’ğ²ğšğ«ğšğ­ ğ”ğ¦ğ®ğ¦ â€¢ Mahasiswa/i D3/D4/S1 seluruh Indonesia â€¢ Siswa/i SMA/K sederajat seluruh Indonesia ğ’ğ²ğšğ«ğšğ­ ğŠğ¡ğ®ğ¬ğ®ğ¬ â€¢ Universitas 3 orang/tim â€¢ SMA/K sederajat individu atau 2-3 orang/tim ğŸ“† ğ“ğ¢ğ—ºğ—²ğ—¹ğ—¶ğ—»ğ—² ğ‘ğğ ğ¢ğ˜€ğ˜ğ—¿ğšğ¬ğ¢ Batch 2: 21 Juni â€“ 5 Juli 2025 ğŸ’° ğğ¢ğšğ²ğš ğğğ§ğğšğŸğ˜ğšğ«ğšğ§ SMA/K: Rp 50.000 Universitas: Rp 75.000 ğŸ ğğğ§ğğŸğ¢ğ˜ ğ˜†ğ—®ğ—»ğ—´ ğ—±ğ—¶ğ—±ğ—®ğ—½ğ—®ğ˜ğ—¸ğ—®ğ—» â€¢ E-sertifikat untuk seluruh peserta dan pemenang â€¢ Wawasan dan relasi nasional â€¢ Pengembangan kemampuan di bidang perpajakan ğŸ”— ğ‹ğ¢ğ§ğ¤ ğğğ§ğğšğŸğ˜ğšğ«ğšğ§ s.id/RegistrasiTaxcompetition2025 ğŸ“„ Info Selengkapnya https://linktr.ee/taxion.upnvj ğŸ“² ğ‚ğ¨ğ§ğ˜ğšğœğ­ ğğğ«ğ˜€ğ—¼ğ—» ğŸ‘¤Zia ID Line: aneeqaziaa ğŸ‘¤Jihan ID Line: jihanruvi Segera daftarkan dirimu dan jadi bagian dari generasi muda yang sadar akan pajak dan siap bersaing secara nasional! ğ‘©ğ’†ğ’”ğ’• ğ‘¹ğ’†ğ’ˆğ’‚ğ’“ğ’…ğ’”, Public Relation Tax Competition 2025 #TaxCompetition2025 #TaxionUPNVJ #DigitalTaxTransformation #KompetisiNasional #Mahasiswa #SMA #Perpajakan #TaxCenterUPNVJ #KompetisiNasional #KompetisiMahasiswa #KompetisiSMA #LombaNasional #LombaOnline #Lomba2025 #LombaBersertifikat #EventNasional #StudentCompetition #IndonesianYouth.",TAX COMPETITION 2025,UPNVJ Tax Center,2025-07-05,Online,Not specified,,[],parsed,2026-01-11T18:15:39.319855Z,claude